{"Labels": [], "Mosaics": {"_type": "images/separated", "width": 1536, "height": 1536, "format": "jpg", "count": 3, "filenames": ["media/images/Mosaics_0_76b4233134f99b2214f7.jpg", "media/images/Mosaics_0_83410a4788cf895c439d.jpg", "media/images/Mosaics_0_b92787c619b682a98932.jpg"], "captions": ["train_batch0.jpg", "train_batch1.jpg", "train_batch2.jpg"]}, "train/box_loss": 0.02070748247206211, "train/obj_loss": 0.008824319578707218, "train/cls_loss": 0.00024366921570617706, "metrics/precision": 0.9735277553953788, "metrics/recall": 0.9711837928679115, "metrics/mAP_0.5": 0.9615307676994602, "metrics/mAP_0.5:0.95": 0.4258556055369897, "val/box_loss": 0.03482796624302864, "val/obj_loss": 0.006100817117840052, "val/cls_loss": 9.811525524128228e-05, "x/lr0": 0.001018115677021424, "x/lr1": 0.001018115677021424, "x/lr2": 0.001018115677021424, "_timestamp": 1653463714, "_runtime": 1908, "_step": 70, "BoundingBoxDebugger": {"_type": "images/separated", "width": 288, "height": 288, "format": "png", "count": 16, "filenames": ["media/images/BoundingBoxDebugger_69_227262d7826f75fe9fde.png", "media/images/BoundingBoxDebugger_69_18ef030819fc58e0bfa4.png", "media/images/BoundingBoxDebugger_69_efcd4bb92fa9dbba9c18.png", "media/images/BoundingBoxDebugger_69_7afe448d5e04b7848408.png", "media/images/BoundingBoxDebugger_69_c1997abeeb521b4153a8.png", "media/images/BoundingBoxDebugger_69_8e03e89ec8cc240902d7.png", "media/images/BoundingBoxDebugger_69_4032c3bc508f3f618446.png", "media/images/BoundingBoxDebugger_69_961fd01435e54f0bb377.png", "media/images/BoundingBoxDebugger_69_8f199a84b599c39377d0.png", "media/images/BoundingBoxDebugger_69_05f132605f0c7e9ec9e4.png", "media/images/BoundingBoxDebugger_69_7e9015c235c2934d97e4.png", "media/images/BoundingBoxDebugger_69_2ea1ac0ffbde245fdea5.png", "media/images/BoundingBoxDebugger_69_c7d138a1d2361fc0e792.png", "media/images/BoundingBoxDebugger_69_a9a86c141a5bdbc6b239.png", "media/images/BoundingBoxDebugger_69_83c3094010cb126aed56.png", "media/images/BoundingBoxDebugger_69_c942481aacab430003c7.png"], "captions": ["19.jpg", "3515.jpg", "1.jpg", "3660.jpg", "3661.jpg", "3662.jpg", "3663.jpg", "3664.jpg", "3665.jpg", "3666.jpg", "3667.jpg", "3668.jpg", "3669.jpg", "367.jpg", "3670.jpg", "3671.jpg"], "all_boxes": [{"predictions": {"_type": "boxes2D", "sha256": "52dd16ebc00a56c905878857aae1bf2d6eb41b2442cacc08c68e10e9430fd759", "size": 442, "path": "media/metadata/boxes2D/BoundingBoxDebugger_69_52dd16ebc00a56c90587.boxes2D.json"}}, {"predictions": {"_type": "boxes2D", "sha256": "6ab3b912944c2ac8234b3fb80dae9d30dd425a914305d89e1da5a8d796277953", "size": 1025, "path": "media/metadata/boxes2D/BoundingBoxDebugger_69_6ab3b912944c2ac8234b.boxes2D.json"}}, {"predictions": {"_type": "boxes2D", "sha256": "1a55c8d7a8ab04b86cc5d2f466c62b1b7a2c8fb1c517449f3cd4cf120c8b2e8c", "size": 442, "path": "media/metadata/boxes2D/BoundingBoxDebugger_69_1a55c8d7a8ab04b86cc5.boxes2D.json"}}, {"predictions": {"_type": "boxes2D", "sha256": "572931519aa9a7a0ef1594c59f1044e6b7c19b0bf5a0346a7cce0365f442d757", "size": 832, "path": "media/metadata/boxes2D/BoundingBoxDebugger_69_572931519aa9a7a0ef15.boxes2D.json"}}, {"predictions": {"_type": "boxes2D", "sha256": "7058f55d8c23c7c27fa385080484191d397ba92b7a8fb51b7250668f395631fa", "size": 1223, "path": "media/metadata/boxes2D/BoundingBoxDebugger_69_7058f55d8c23c7c27fa3.boxes2D.json"}}, {"predictions": {"_type": "boxes2D", "sha256": "79b47988da93d6b0554ea8bc41fce5b2d1f1f832687ac2add1cd325f8ac902db", "size": 820, "path": "media/metadata/boxes2D/BoundingBoxDebugger_69_79b47988da93d6b0554e.boxes2D.json"}}, {"predictions": {"_type": "boxes2D", "sha256": "4212417ed9577311a906be74c3d9b30631c3fb0f8de181b96a90f3caf32a0c18", "size": 1017, "path": "media/metadata/boxes2D/BoundingBoxDebugger_69_4212417ed9577311a906.boxes2D.json"}}, {"predictions": {"_type": "boxes2D", "sha256": "00b5b4888ec608ba75766d48c437b2150c75cfe021e4387f5c2f05f6814ab866", "size": 1213, "path": "media/metadata/boxes2D/BoundingBoxDebugger_69_00b5b4888ec608ba7576.boxes2D.json"}}, {"predictions": {"_type": "boxes2D", "sha256": "1c0a12a9529cbe58b1c65aae74848ea74ee7dfbde9263613fb618a8136adf8c7", "size": 439, "path": "media/metadata/boxes2D/BoundingBoxDebugger_69_1c0a12a9529cbe58b1c6.boxes2D.json"}}, {"predictions": {"_type": "boxes2D", "sha256": "ce173113480bd0d71aa151b86f82ec8a4ae1c8ea02ee020187efb8224141b3dc", "size": 1032, "path": "media/metadata/boxes2D/BoundingBoxDebugger_69_ce173113480bd0d71aa1.boxes2D.json"}}, {"predictions": {"_type": "boxes2D", "sha256": "7c19a2f1ab8d49be324417c11fa6e6a012a61db86415cdd1d4b9dc873c5085ca", "size": 630, "path": "media/metadata/boxes2D/BoundingBoxDebugger_69_7c19a2f1ab8d49be3244.boxes2D.json"}}, {"predictions": {"_type": "boxes2D", "sha256": "9d3b071b2647f4645d1f71ae1019b224800449b3599c2991bf4292e19d08f9ba", "size": 831, "path": "media/metadata/boxes2D/BoundingBoxDebugger_69_9d3b071b2647f4645d1f.boxes2D.json"}}, {"predictions": {"_type": "boxes2D", "sha256": "52b3bb565ed2111d44a4d6ae366db246a7a95a48d15bc6607356098f3d8dc689", "size": 629, "path": "media/metadata/boxes2D/BoundingBoxDebugger_69_52b3bb565ed2111d44a4.boxes2D.json"}}, {"predictions": {"_type": "boxes2D", "sha256": "c5656d86f0f295ad1e997117a26430af5cb07fe91bf16f727ac8957ee6f422af", "size": 632, "path": "media/metadata/boxes2D/BoundingBoxDebugger_69_c5656d86f0f295ad1e99.boxes2D.json"}}, {"predictions": {"_type": "boxes2D", "sha256": "a9bc0bd637bbbe379937d772580f1a6008584596b95945dfd6c54d6911dfa986", "size": 1024, "path": "media/metadata/boxes2D/BoundingBoxDebugger_69_a9bc0bd637bbbe379937.boxes2D.json"}}, {"predictions": {"_type": "boxes2D", "sha256": "6111a4193290ee8c6c1fbda6743d66c3634b218c16ccd33747295b5cecfee353", "size": 640, "path": "media/metadata/boxes2D/BoundingBoxDebugger_69_6111a4193290ee8c6c1f.boxes2D.json"}}]}, "Validation": {"_type": "images/separated", "width": 1152, "height": 1152, "format": "jpg", "count": 6, "filenames": ["media/images/Validation_70_bdf639f5a9f0c7f1fc34.jpg", "media/images/Validation_70_22ad6b1c49e83c0d0a0e.jpg", "media/images/Validation_70_90194127cf397163c22d.jpg", "media/images/Validation_70_549a3e97772e711956d8.jpg", "media/images/Validation_70_33575ba90d4ce1f52165.jpg", "media/images/Validation_70_65d6d9e7ba74eab97303.jpg"], "captions": ["val_batch0_labels.jpg", "val_batch0_pred.jpg", "val_batch1_labels.jpg", "val_batch1_pred.jpg", "val_batch2_labels.jpg", "val_batch2_pred.jpg"]}, "Results": {"_type": "images/separated", "width": 2400, "height": 1200, "format": "png", "count": 6, "filenames": ["media/images/Results_70_84b7800ed33417a16ed5.png", "media/images/Results_70_dea2d09e60de9a4669a3.png", "media/images/Results_70_0c3df1e93e46a1b985ba.png", "media/images/Results_70_f9786890ebed8541ef86.png", "media/images/Results_70_6405039d5f385c728952.png", "media/images/Results_70_7c0196d7e959ed44e498.png"], "captions": ["results.png", "confusion_matrix.png", "F1_curve.png", "PR_curve.png", "P_curve.png", "R_curve.png"]}, "_wandb": {"runtime": 1906}}